{"cameraMode":{"drawMode":0,"name":"Shaded","section":"Shading Mode"},"sceneLighting":true,"audioPlay":false,"sceneViewState":{"m_AlwaysRefresh":false,"showFog":true,"showSkybox":true,"showFlares":true,"showImageEffects":true,"showParticleSystems":true,"showVisualEffectGraphs":true,"m_FxEnabled":true},"in2DMode":false,"pivot":{"x":-192.0591583251953,"y":12.868502616882325,"z":-33.54187774658203},"rotation":{"x":-0.0023247182834893467,"y":0.10165499150753021,"z":-0.0008717577438801527,"w":-0.9949881434440613},"size":0.8660253882408142,"orthographic":false}