{"cameraMode":{"drawMode":0,"name":"Shaded","section":"Shading Mode"},"sceneLighting":true,"audioPlay":false,"sceneViewState":{"m_AlwaysRefresh":false,"showFog":true,"showSkybox":true,"showFlares":true,"showImageEffects":true,"showParticleSystems":true,"showVisualEffectGraphs":true,"m_FxEnabled":true},"in2DMode":false,"pivot":{"x":-164.69825744628907,"y":45.14310836791992,"z":-102.30479431152344},"rotation":{"x":-0.19909688830375672,"y":0.006337402854114771,"z":-0.0026103914715349676,"w":-0.9802020788192749},"size":0.5850732922554016,"orthographic":false}