{"cameraMode":{"drawMode":0,"name":"Shaded","section":"Shading Mode"},"sceneLighting":true,"audioPlay":false,"sceneViewState":{"m_AlwaysRefresh":false,"showFog":true,"showSkybox":true,"showFlares":true,"showImageEffects":true,"showParticleSystems":true,"showVisualEffectGraphs":true,"m_FxEnabled":true},"in2DMode":false,"pivot":{"x":-180.7764892578125,"y":12.838628768920899,"z":3.932227373123169},"rotation":{"x":0.14572861790657044,"y":-0.3931426703929901,"z":0.06423496454954148,"w":0.9058274030685425},"size":0.5850732922554016,"orthographic":false}